,0
0,mi664i
1,mi5vub
2,mi5o3w
3,mi3d9p
4,mi2gdn
5,mi27kx
6,mi2530
7,mi1pd3
8,mi1egc
9,mi17at
10,mi15z0
11,mi0wtp
12,mhxsth
13,mhx74b
14,mhvk92
15,mhst27
16,mhse7v
17,mhrigk
18,mhqlnj
19,mhqfjk
20,mhqezc
21,mhq699
22,mhpx9q
23,mhpdrs
24,mhoo6r
25,mhn198
26,mhm89x
27,mhkux9
28,mhk4as
29,mhk233
30,mhjrvv
31,mhiu85
32,mhicmt
33,miv6wl
34,miu9nv
35,mitjnl
36,mis80y
37,mirzfs
38,miqxls
39,miqabf
40,miq88s
41,mio7pn
42,mimkl1
43,mimje0
44,mimi69
45,milseg
46,mikku2
47,mik66b
48,mij0zb
49,mih1yn
50,migxs4
51,migln7
52,mie1rw
53,mid7aj
54,mid46x
55,mic1lh
56,miapfo
57,mi9fvy
58,mi85ex
60,mjgzwl
61,mjgmtf
62,mjfhom
63,mjc712
64,mjbo40
65,mja7t4
66,mj9r3m
67,mj93hz
68,mj8dac
69,mj3cwu
70,mj3cwk
71,mj1ozi
72,mj0t8i
73,miwo4t
74,miwjr6
75,miwig6
76,miwc8g
78,mk6845
79,mk53cm
80,mk41y6
81,mk3ab3
82,mk2zro
83,mk2x58
84,mk1myy
85,mk03fw
86,mjz7vc
87,mjyb3t
88,mjyapv
89,mjx39p
90,mjwx2t
91,mjvb8a
92,mjunfa
93,mjtwjv
94,mjs1hd
95,mjqtrh
96,mjomu5
97,mjlddv
98,mjky73
99,mjkr9l
100,mjknr7
101,mkwtk6
102,mkwjao
103,mkwd2t
104,mkvxfw
105,mkvqcf
106,mkvq1z
107,mkvepn
108,mku8u5
109,mku6am
110,mku5yb
111,mktmuo
112,mkt6zd
113,mkt6e7
114,mkrq4m
115,mkrk23
116,mkqh88
117,mkpox2
118,mkpa14
119,mkp5r5
120,mko743
121,mknt7e
122,mknjn3
123,mkmejl
124,mkm07y
125,mkkuaf
126,mkkl82
127,mkk3eh
128,mkk2lk
129,mkjqpq
130,mkjdb5
131,mkjaf0
132,mkiyd4
133,mki5hw
134,mkh7f9
135,mkfnry
136,mkdg91
137,mkddbm
138,mkccjh
139,mkb4u5
140,mk9rez
141,mk9i1t
142,mk9h1c
143,mk8qf3
144,mk76hz
145,mk71ry
147,mlnd30
148,mll2wv
149,mlk70y
150,mljezx
151,mlioud
152,mlhuzh
153,mlhqvu
154,mlh89t
155,mlgwl1
156,mlfo5j
157,mlf2b9
158,mlevd6
159,mldm7x
160,mlcxwp
161,mlc6ov
162,mlc3za
163,mlbr3o
164,mla7v4
165,ml9lxb
166,ml78gv
167,ml5l43
168,ml5dmt
169,ml50ex
170,ml3e77
171,ml0pau
172,ml0ix2
173,mkzx71
174,mkzru7
175,mkzk5l
176,mkzd1b
177,mkzbpt
178,mkyn9t
179,mky5fr
180,mky4rp
181,mkxkwt
182,mkxdpz
186,mme2pz
187,mmdhai
188,mmcflq
189,mmbwdj
190,mmaown
191,mmaa9v
192,mm9zg3
193,mm9paf
194,mm9c45
195,mm9bjq
196,mm8wci
197,mm89ff
198,mm82an
199,mm7ld5
200,mm7h1q
201,mm6kgg
202,mm65uq
203,mm635u
204,mm5x4u
205,mm5im4
206,mm4zpl
207,mm4wcg
208,mm4isx
209,mm3u10
210,mm3la5
211,mm2e5o
212,mm1l4a
213,mm1gs1
214,mm16em
215,mm0ybk
216,mm0hj1
217,mlzy3g
218,mlzt4p
219,mlylcx
220,mlye28
221,mlvuo4
222,mlvs1c
223,mluaez
224,mltak2
225,mlt5vj
226,mlspoq
227,mls146
228,mls0sa
229,mlqukg
231,mn3abo
232,mn2ild
233,mn21hn
234,mn186c
235,mn0hwr
236,mmzr32
237,mmzh2r
238,mmzgb3
239,mmypf4
240,mmy92a
241,mmxbli
242,mmwjtz
243,mmwe9z
244,mmwbsy
245,mmu9nc
246,mmsnpe
247,mmrit9
248,mmrg2m
249,mmraa1
250,mmqqqj
251,mmql0g
252,mmpms8
253,mmop0t
254,mmomv1
255,mmo0fv
256,mmmzf3
257,mmkovy
258,mmitms
259,mmis2d
260,mmgtez
261,mmet6u
262,mmep62
265,mnqaxk
266,mnq0zh
267,mnq028
268,mnpenb
269,mnp7su
270,mnol75
271,mnojmb
272,mnohl7
273,mnm9l5
274,mnm8co
275,mnm12p
276,mnl1a4
277,mnkv5d
278,mnjryb
279,mnjavn
280,mnj6jw
281,mniisg
282,mnicoq
283,mnh86t
284,mngc3w
285,mng45v
286,mnfb7z
287,mne2kp
288,mndqgx
289,mnc064
290,mnb3fx
291,mnafrt
292,mn9xpw
293,mn7kux
294,mn6u6e
295,mn6igo
296,mn6fr7
297,mn6clk
298,mn5nhw
299,mn4dc0
300,mn476l
301,mn42qc
303,mr1pct
304,mr1iex
305,mr0eir
306,mr023n
307,mqz4t5
308,mqyo0x
309,mqykep
310,mqy8s1
311,mqxj6c
312,mqx4ih
313,mqwcjl
314,mqvzdy
315,mqvvo5
316,mqt6ho
317,mqppkf
318,mqoomw
319,mqocj9
320,mqo8s8
321,mqn8w2
322,mqn24c
323,mqlca1
324,mqk54m
325,mqilig
326,mrpdgj
327,mrp5rn
328,mroxov
329,mronuz
330,mroijy
331,mro3jo
332,mrnbgg
333,mrmolf
334,mrmhk3
335,mrly7j
336,mrlpgp
337,mrlnub
338,mrli15
339,mrjjlb
340,mrj894
341,mrijvi
342,mrhwiq
343,mrhhmf
344,mrfdv6
345,mrepmb
346,mrecdf
347,mrdf3v
348,mrddz1
349,mrdd30
350,mradk3
351,mr9csz
352,mr8p9t
353,mr6vx0
354,mr52wg
355,mr4ozi
356,mr4ja1
357,mr3yq3
358,mr3vjt
359,mr3uxa
360,mr2cj9
363,msekla
364,msdu9v
365,mscwcr
366,msbsze
367,msbf6n
368,msb7pu
369,msamjk
370,msag11
371,ms9xon
372,ms9ihk
373,ms97us
374,ms8bo7
375,ms75tx
376,ms6gzf
377,ms5zm4
378,ms5s9l
379,ms59w6
380,ms516t
381,ms514p
382,ms4obs
383,ms3ykx
384,ms3mxp
385,ms2ubk
386,ms28m6
387,ms162w
388,mrzu9s
389,mrzoqk
390,mrynct
391,mrxklx
392,mrxjux
393,mrx3zg
394,mrwn53
395,mrv7a2
396,mrusz5
397,mrueyy
398,mrud0x
399,mrtzdn
400,mrsv2i
401,mrse20
403,mt0ck8
404,mswnfq
405,msvmj9
406,msvgg4
407,msuzp7
408,mstqet
409,mst2ky
410,mst15t
411,mssqfk
412,msshir
413,msryrm
414,msrgwf
415,msqz2g
416,msosvr
417,mslkrb
418,msle5k
419,msl90z
420,msl248
421,msjran
422,msjhx0
423,msiolg
424,msi65d
425,mshkns
426,mshkao
427,msg8vf
428,msg0jq
431,mtna7m
432,mtlfd0
433,mtklcz
434,mth9cw
435,mtgooh
436,mtfr83
437,mtd5h5
438,mtbb2x
439,mtb54c
440,mtahoq
441,mta9qm
442,mt8ylg
443,mt5dbp
444,mt3puj
445,mt3jnn
446,mt2iwn
447,mt24v0
449,mucsao
450,muccw5
451,mubbnc
452,muazer
453,muai3h
454,mu9rl9
455,mu9isr
456,mu9ddc
457,mu8ro7
458,mu7c74
459,mu6lua
460,mu6j89
461,mu5em4
462,mu52v3
463,mu45bx
464,mu32bd
465,mu316s
466,mu26x0
467,mu140d
468,mu0s74
469,mtye6u
470,mtyayx
471,mty59r
472,mty2io
473,mtx7au
474,mtvzt3
475,mtrqm3
476,mtrivj
477,mtr3rf
478,mtq4h2
479,mtpoaq
480,mto8v4
481,mto48a
483,mv276s
484,mv26th
485,mv25pj
486,mv180x
487,mv0yxe
488,muzk2y
489,muz10w
490,muwweo
491,muwp5t
492,muvolw
493,muuc06
494,muubmv
495,musjyr
496,murls1
497,murj1z
498,mur8t8
499,muodlp
500,munjop
501,munjgo
502,muhzux
503,mugcqk
504,mugcp1
505,mugba7
506,mudwe2
507,mud4vi
510,mvrifd
511,mvrgjm
512,mvqwq5
513,mvq7zw
514,mvq3w4
515,mvpjea
516,mvoceg
517,mvn6cb
518,mvmjt7
519,mvm70g
520,mvm2vw
521,mvl7xp
522,mvk9l0
523,mvj3mb
524,mvisab
525,mvhb0s
526,mvg5ah
527,mvf33y
528,mveods
529,mveehy
530,mv9ih3
531,mv94zz
532,mv8jra
533,mv8j3k
534,mv7q1d
535,mv7bb0
536,mv76eb
537,mv769i
538,mv75xv
539,mv70mu
540,mv6jk3
541,mv69ep
542,mv49r2
546,mwh7a2
547,mwgqvo
548,mwgjrg
549,mwfzln
550,mwfin1
551,mwfb7s
552,mweoil
553,mwek8c
554,mwebmq
555,mwcu7v
556,mwcp71
557,mwbxyt
558,mwbpmb
559,mwb31n
560,mwa5f1
561,mw9sni
562,mw9j6v
563,mw8a0u
564,mw64i6
565,mw5zl5
566,mw401x
567,mw2il6
568,mw1uzb
569,mw0cy9
570,mvzvd9
571,mvz1t7
572,mvywn2
573,mvyiiv
574,mvy1ge
575,mvx7px
576,mvwzyt
577,mvv5ev
578,mvv54l
579,mvupfj
580,mvtejc
581,mvt3jv
582,mvs6mj
586,mx6zol
587,mx5d2h
588,mx4o3d
589,mx3s4l
590,mx2dif
591,mx0vx6
592,mx0sii
593,mwy22v
594,mwxztq
595,mwvn9w
596,mwv5ms
597,mwuk1s
598,mwttw9
599,mwq64s
600,mwnz0d
601,mwmlpu
602,mwmfy7
603,mwm6gw
604,mwl48h
605,mwkrbc
606,mwk6vn
607,mwjqfp
608,mwjjo4
609,mwjbcc
610,mwj63o
611,mwiv8r
612,mwilps
616,mxu4o9
617,mxtanx
618,mxs1ah
619,mxrm4j
620,mxr4xp
621,mxnoq7
622,mxl4i5
623,mxjlvn
624,mxj2rm
625,mxisaj
626,mxhft9
627,mxgbtd
628,mxfcyc
629,mxezo4
630,mxdnv3
631,mxcqap
632,mx9l96
633,mx9736
634,mx8bvi
635,mx80pq
637,myjk3l
638,myijpw
639,myh8oe
640,mygrh3
641,myggsm
642,myg89r
643,myfhof
644,myedlg
645,myazfz
646,myajk4
647,my9o4n
648,my5gwe
649,my4bot
650,my3zx7
651,my215o
652,my0ebb
653,mxzibg
654,mxzcxk
655,mxyol8
656,mxy8oy
657,mxxzjn
658,mxxsq2
659,mxxi8n
660,mxxb0u
661,mxx9jp
662,mxw1li
664,mz9y2j
665,mz8osz
666,mz76l0
667,mz762m
668,mz755v
669,mz71a3
670,mz6h8q
671,mz683p
672,mz5ve1
673,mz4pn8
674,mz46f6
675,mz461w
676,mz3641
677,mz2usb
678,mz0bpd
679,myzp44
680,myzni6
681,myzhnn
682,myzbos
683,myz50z
684,myxq4s
685,myxizy
686,myur1y
687,mytzoe
688,myscfi
689,myq4v6
690,mypola
691,myo9u6
692,mynx1a
693,mynphx
694,mynjbj
695,myn9rl
696,myldeu
698,mzv3rp
699,mzsv0b
700,mzspeb
701,mzsii0
702,mzqd68
703,mzq5kz
704,mzpuys
705,mzp4r7
706,mzotl7
707,mzogx4
708,mznsnj
709,mznin9
710,mznbfy
711,mzmb2z
712,mzkhjs
713,mzjw8u
714,mzj33d
715,mzigsp
716,mzi47r
717,mzi16v
718,mzgz8n
719,mzgr2q
720,mzg0am
721,mzfsw8
722,mzfbx9
723,mzf9cu
724,mzf74q
725,mzf6wv
726,mzeym5
727,mzdtlf
728,mzdm1p
729,mzct5t
730,mzc28n
731,mzbh12
733,n0q7ch
734,n0q08f
735,n0ph57
736,n0pfno
737,n0of7q
738,n0niu6
739,n0n2ka
740,n0lnq8
741,n0l8r2
742,n0jyga
743,n0ifwl
744,n0hr10
745,n0h7ob
746,n0gxpo
747,n0gpc2
748,n0gaw7
749,n0fj5r
750,n0fapv
751,n0f6ar
752,n0bmq4
753,n0avn2
754,n07kq6
755,n070nb
756,n05xfk
757,n05swc
758,n05h5v
759,n05012
760,n03z9h
761,n034ks
762,n01v7j
763,n01gqs
764,n0164r
765,n1g3f5
766,n1g005
767,n1fdfx
768,n1evpx
769,n1ec5x
770,n1ebs8
771,n1dxnl
772,n1dwdx
773,n1d553
774,n1cac8
775,n1b8zk
776,n1ag1y
777,n19xgi
778,n17z5y
779,n17okz
780,n17h9r
781,n1742z
782,n14v9k
783,n14h4a
784,n14c3m
785,n14775
786,n11uw3
787,n11tnt
788,n0zc05
789,n0z0hs
790,n0wyer
791,n0wy2e
792,n0vduz
793,n0va1m
794,n0uh49
795,n0ud2u
796,n0tmnk
797,n0t5lh
798,n0smd6
799,n0r9bx
802,n25f75
803,n24yl9
804,n24h5d
805,n224eq
806,n221yc
807,n21rsj
808,n21qrb
809,n216iq
810,n20wml
811,n20qwd
812,n20nhd
813,n20lmp
814,n20e6k
815,n1xyte
816,n1xa2f
817,n1v72n
818,n1v6nf
819,n1uog0
820,n1tw4b
821,n1tjme
822,n1qv8b
823,n1oddb
824,n1nmlw
825,n1nk31
826,n1lkow
827,n1kxfj
828,n1ko4m
829,n1ki6m
830,n1k6zf
831,n1k2it
832,n1jwfw
833,n1jh1a
834,n1izlo
835,n1ic8k
836,n1guek
